Entry,Seed_Color_Rep1_CU,Seed_Color_Rep2_CU,Seed_Color_Rep1_FL,Seed_Color_Rep2_FL,Plant_Color_Rep1_CU,Plant_Color_Rep2_CU,Plant_Color_Rep1_FL,Plant_Colo_Rep2FL,AWN_Rep1_CU,AWN_Rep2CU,AWN_Rep1FL,AWN_Rep2FL
MB0002,W,W,W,W,T,T,T,T,N,N,N,N
MB0003,W,W,W,W,2,2,2,2,N,N,N,N
MB0004,R,R,R,R,P,P,NA,P,A,A,A,A
MB0005,R,R,R,R,P,P,P,P,A,A,A,A
MB0006,NA,NA,NA,NA,T,T,P,T,N,A,A,A
MB0008,NA,NA,NA,NA,2,2,P,P,N,A,N,A
MB0009,NA,NA,NA,W,T,NA,T,P,N,NA,N,N
MB0010,W,W,W,NA,P,P,P,P,N,N,N,N
MB0011,NA,NA,NA,R,P,P,P,P,N,N,N,N
MB0012,R,R,R,NA,P,P,P,NA,N,N,N,NA
MB0013,NA,NA,NA,NA,P,P,P,P,A,A,A,A
MB0014,R,NA,R,NA,NA,NA,T,NA,N,NA,N,NA
MB0015,Y,NA,Y,Y,T,NA,T,T,N,NA,N,N
MB0016,W,W,W,W,T,T,T,T,N,N,A,N
MB0017,NA,NA,NA,NA,P,P,P,P,A,A,A,A
MB0018,R,R,R,R,P,P,P,P,N,N,N,N
MB0019,Y,Y,Y,Y,2,2,T,T,A,A,A,A
MB0020,Y,NA,NA,Y,P,P,P,P,N,N,N,N
MB0021,Y,Y,Y,Y,P,P,P,P,N,N,N,N
MB0022,R,R,R,R,P,P,P,P,N,N,N,NA
MB0023,NA,NA,W,NA,NA,NA,P,NA,NA,NA,A,NA
MB0024,W,W,NA,Y,P,P,P,P,N,N,N,N
MB0025,Y,NA,Y,Y,P,NA,P,P,N,NA,N,N
MB0026,Y,Y,Y,Y,P,P,P,T,N,N,N,N
MB0027,R,R,R,R,P,NA,T,P,N,N,N,N
MB0028,R,R,R,Y,P,P,P,P,N,N,N,N
MB0029,Y,Y,Y,Y,P,P,T,NA,N,N,N,N
MB0030,Y,Y,Y,Y,T,T,T,P,NA,N,N,N
MB0031,Y,NA,NA,W,T,T,T,T,A,A,A,A
MB0032,W,W,W,W,P,P,P,P,A,A,A,A
MB0033,R,NA,R,R,P,NA,P,P,A,NA,A,A
MB0035,Y,Y,Y,Y,T,T,T,T,A,A,A,A
MB0037,W,W,W,W,P,P,P,P,A,A,A,A
MB0038,Y,Y,Y,Y,P,P,P,P,N,N,N,N
MB0040,Y,Y,Y,Y,P,P,T,P,N,A,A,N
MB0041,NA,NA,NA,NA,P,NA,P,P,N,N,N,N
MB0042,W,W,W,W,P,P,P,P,N,N,N,N
MB0043,Y,Y,Y,Y,T,T,T,T,A,A,A,A
MB0044,R,R,R,R,P,P,P,P,N,N,N,N
MB0045,R,R,R,R,P,P,P,P,N,N,N,N
MB0046,R,R,R,R,P,P,P,P,N,N,N,N
MB0049,R,NA,NA,NA,P,P,P,P,N,N,N,N
MB0050,NA,NA,NA,NA,P,NA,P,NA,N,NA,N,NA
MB0051,R,R,R,R,T,T,T,T,N,N,N,N
MB0052,Y,Y,Y,Y,T,T,T,T,A,A,A,A
MB0053,Y,Y,Y,Y,T,T,T,T,A,A,A,A
MB0056,R,R,R,R,P,P,NA,P,N,N,N,N
MB0057,R,R,R,R,P,P,P,P,N,N,N,N
MB0060,R,R,R,R,T,T,T,T,A,A,A,A
MB0061,R,R,R,R,P,P,P,P,A,A,A,A
MB0062,Y,Y,Y,Y,T,T,T,T,A,A,A,A
MB0063,W,W,W,W,P,P,P,P,A,A,A,A
MB0064,Y,Y,Y,Y,T,T,T,T,N,N,N,N
MB0066,Y,Y,Y,Y,T,T,T,T,N,N,N,N
MB0071,Y,Y,Y,Y,T,T,T,T,A,A,A,A
MB0072,Y,Y,Y,Y,T,T,T,T,A,A,A,A
MB0073,Y,Y,Y,Y,T,T,T,T,A,A,A,A
MB0074,R,R,R,R,T,T,T,T,A,A,A,A
MB0075,R,R,R,R,P,P,P,P,N,N,N,N
MB0080,R,R,R,R,P,P,P,P,N,N,N,N
MB0081,Y,NA,Y,W,P,NA,NA,P,NA,NA,A,A
MB0082,NA,NA,NA,NA,P,P,P,P,N,N,N,N
MB0084,R,R,R,R,2,2,NA,P,A,A,A,A
MB0085,NA,NA,NA,NA,T,T,T,T,N,N,N,N
MB0086,Y,Y,Y,Y,T,T,T,T,N,N,N,N
MB0087,R,R,R,R,T,T,T,T,N,N,N,N
MB0088,R,R,R,R,T,T,T,T,N,N,N,N
MB0089,R,R,R,R,T,T,P,T,N,N,N,N
MB0090,R,R,R,R,T,T,P,T,N,N,N,N
MB0091,Y,Y,Y,Y,T,T,T,T,A,A,A,A
MB0092,Y,Y,Y,Y,T,T,T,T,N,N,N,N
MB0093,Y,NA,Y,Y,T,NA,T,T,N,NA,N,N
MB0094,Y,Y,Y,Y,T,T,T,T,A,A,A,A
MB0095,W,W,W,W,T,T,T,T,N,N,N,N
MB0096,Y,Y,Y,Y,T,T,T,T,N,N,N,N
MB0097,Y,Y,Y,Y,T,T,T,T,N,N,N,N
MB0098,R,NA,R,NA,P,NA,P,NA,A,NA,A,NA
MB0099,R,R,R,R,P,P,P,T,A,A,A,A
MB0100,R,R,R,NA,P,P,P,P,A,A,A,A
MB0101,R,R,R,R,P,P,P,P,A,A,A,A
MB0102,Y,Y,Y,Y,T,T,T,T,N,N,N,N
MB0103,NA,NA,NA,NA,P,P,P,P,N,N,NA,NA
MB0104,Y,Y,Y,Y,P,P,P,T,N,N,N,N
MB0105,Y,Y,Y,Y,T,T,T,T,N,N,N,N
MB0106,Y,Y,Y,Y,T,T,T,T,N,N,N,N
MB0107,NA,NA,NA,NA,P,P,P,P,N,N,N,N
MB0109,Y,Y,Y,Y,P,P,P,P,A,A,A,A
MB0110,R,R,R,R,P,P,P,P,A,A,A,A
MB0111,R,R,R,R,P,P,P,P,A,A,A,A
MB0113,Y,Y,Y,Y,P,P,P,P,A,A,A,A
MB0118,NA,NA,NA,NA,P,P,P,P,N,N,N,N
MB0119,R,R,NA,R,P,P,NA,P,N,N,N,N
MB0120,R,NA,R,NA,2,NA,NA,NA,N,NA,N,NA
MB0121,R,R,R,R,P,P,P,P,N,N,N,N
MB0122,R,R,R,R,T,T,T,T,N,N,N,N
MB0123,NA,NA,NA,NA,T,T,T,T,N,N,N,N
MB0124,Y,Y,Y,Y,T,T,T,T,N,N,N,N
MB0125,R,R,R,R,T,T,T,T,N,N,N,N
MB0126,R,R,R,R,P,P,P,P,N,NA,N,N
MB0127,R,R,R,R,P,P,P,P,A,A,A,A
MB0130,R,NA,R,R,P,NA,P,T,A,NA,A,A
MB0132,Y,Y,Y,Y,P,P,P,P,A,A,A,A
MB0133,R,R,R,R,P,P,P,P,A,A,A,A
MB0134,Y,Y,Y,Y,T,T,T,T,A,A,A,A
MB0135,Y,Y,Y,Y,P,P,P,P,A,A,A,A
MB0140,Y,Y,Y,Y,P,P,P,P,A,A,NA,A
MB0141,W,W,W,W,P,P,P,P,A,A,A,A
MB0142,Y,NA,Y,Y,P,NA,P,P,N,NA,N,N
MB0143,Y,Y,Y,Y,T,T,T,T,A,A,A,A
MB0144,Y,Y,Y,Y,T,T,T,T,NA,A,N,A
MB0146,R,R,R,NA,P,P,P,P,A,A,A,A
MB0147,Y,Y,Y,Y,P,P,P,P,A,A,A,A
MB0148,Y,Y,Y,Y,P,P,P,P,NA,NA,NA,A
MB0149,NA,NA,NA,NA,P,P,P,P,N,N,N,N
MB0150,Y,Y,Y,Y,P,P,P,P,N,N,N,N
MB0151,R,R,R,R,P,P,P,P,N,N,N,N
MB0152,NA,NA,W,NA,NA,NA,P,NA,NA,NA,N,NA
MB0153,R,R,R,R,P,P,P,P,N,N,N,N
MB0154,R,R,R,R,T,T,T,T,N,N,N,N
MB0155,Y,Y,Y,Y,P,P,P,P,N,N,N,N
MB0156,R,R,R,R,T,T,T,T,A,A,A,NA
MB0158,R,R,R,R,P,P,P,P,N,N,N,N
MB0159,R,R,R,R,P,P,P,P,N,N,N,N
MB0160,Y,Y,Y,Y,P,P,P,P,A,A,A,A
MB0161,R,R,R,NA,P,P,P,P,A,A,A,A
MB0162,Y,Y,Y,Y,P,P,P,P,N,N,N,N
MB0163,R,R,R,R,P,P,P,P,N,N,N,N
MB0164,R,R,R,R,P,P,P,P,A,A,A,A
MB0165,NA,NA,NA,NA,T,T,T,T,A,A,A,A
MB0167,R,R,R,R,P,P,P,P,N,N,N,N
MB0168,R,R,R,R,P,P,P,P,N,N,N,N
MB0169,R,R,R,R,P,P,P,P,A,A,A,A
MB0170,NA,NA,NA,NA,2,P,P,P,A,A,A,A
MB0171,NA,NA,NA,NA,P,P,P,P,N,N,N,N
MB0172,NA,NA,NA,NA,T,T,P,T,N,N,N,N
MB0173,Y,Y,Y,Y,T,T,T,T,N,N,N,NA
MB0174,Y,Y,Y,Y,P,P,P,P,N,N,N,N
MB0175,Y,Y,Y,Y,P,P,P,P,A,A,A,A
MB0176,Y,Y,Y,Y,P,P,P,P,N,N,N,N
MB0177,Y,NA,Y,Y,T,NA,T,T,N,NA,N,N
MB0178,NA,NA,NA,NA,T,T,T,T,N,N,N,N
MB0179,R,R,R,R,T,T,T,T,N,N,N,N
MB0180,R,R,R,R,T,T,T,T,A,A,A,A
MB0181,R,R,R,R,P,P,P,P,N,N,N,N
MB0182,R,R,R,R,P,P,P,P,N,N,N,N
MB0183,W,W,W,W,P,P,P,P,N,N,N,N
MB0185,R,NA,NA,NA,2,NA,P,NA,A,NA,A,A
MB0186,Y,Y,Y,Y,T,T,T,T,A,A,A,A
MB0187,NA,NA,NA,NA,P,P,P,P,A,A,A,A
MB0190,W,W,W,W,P,P,P,P,A,A,A,A
MB0191,NA,NA,NA,NA,P,P,P,P,A,A,A,A
MB0192,NA,NA,NA,NA,P,P,P,P,N,N,N,N
MB0193,R,R,R,R,P,P,P,P,A,A,A,A
MB0194,R,R,R,R,2,2,P,P,A,NA,A,A
MB0195,Y,Y,Y,Y,T,T,T,T,A,A,A,A
MB0196,R,NA,R,W,P,NA,P,P,N,NA,N,N
MB0197,NA,NA,NA,NA,T,T,P,P,A,A,A,A
MB0198,R,R,R,R,P,P,NA,P,N,N,N,N
MB0199,R,NA,R,NA,P,NA,P,NA,A,NA,A,NA
MB0201,R,R,R,R,P,P,P,P,A,A,A,A
MB0202,Y,Y,Y,Y,P,P,P,P,N,N,N,N
MB0203,R,R,R,R,P,P,P,P,N,N,N,N
MB0204,R,R,R,R,P,P,P,P,N,N,N,N
MB0205,Y,Y,Y,Y,P,P,P,P,N,N,N,N
MB0207,NA,NA,NA,NA,P,P,P,P,A,A,A,A
MB0208,Y,Y,Y,Y,P,P,NA,P,A,A,A,A
MB0209,Y,Y,Y,Y,P,NA,P,P,A,A,A,A
MB0210,NA,NA,NA,NA,P,P,NA,P,A,A,A,A
MB0211,Y,Y,Y,Y,T,T,T,T,A,A,A,A
MB0212,Y,Y,Y,Y,T,T,T,T,N,N,NA,N
MB0213,Y,Y,Y,Y,P,P,P,P,N,N,N,NA
MB0214,NA,NA,W,NA,NA,NA,P,NA,NA,NA,N,NA
MB0215,Y,Y,Y,Y,P,P,P,P,A,A,A,A
MB0217,NA,NA,NA,W,P,P,P,P,A,A,A,A
MB0218,W,W,W,W,P,P,P,P,N,N,N,N
MB0219,W,W,W,W,P,P,P,P,NA,NA,A,A
MB0220,R,NA,R,R,T,NA,T,P,N,NA,N,N
MB0223,NA,NA,NA,NA,T,T,T,T,A,A,A,A
MB0224,Y,Y,Y,Y,T,T,T,T,A,A,A,A
MB0225,R,R,R,R,T,T,P,T,A,A,A,A
MB0226,R,R,R,R,P,P,P,P,N,N,N,N
MB0227,R,R,R,R,P,P,P,P,N,N,N,N
MB0228,R,R,R,R,P,P,P,P,A,A,A,A
MB0229,Y,Y,Y,Y,T,T,T,T,N,N,N,N
MB0230,Y,Y,Y,Y,T,T,T,T,N,N,N,N
MB0231,Y,Y,Y,Y,T,T,T,T,N,N,N,N
MB0232,R,R,Y,Y,P,P,P,P,A,A,A,A
MB0233,R,R,R,R,P,P,P,P,A,A,A,A
MB0234,NA,NA,NA,NA,P,P,P,P,A,A,A,A
MB0235,Y,Y,Y,Y,P,P,P,P,A,A,A,A
MB0236,NA,NA,NA,NA,P,P,P,P,A,A,A,A
MB0237,Y,Y,Y,Y,P,P,P,P,N,N,N,N
MB0238,Y,Y,Y,Y,T,T,T,T,N,N,N,N
MB0239,Y,Y,Y,Y,P,T,P,P,N,N,N,N
MB0240,Y,NA,Y,NA,T,NA,T,NA,N,NA,N,NA
MB0241,Y,Y,Y,Y,T,T,T,T,N,N,N,N
MB0242,R,R,R,R,T,T,T,T,N,N,N,N
MB0243,R,R,R,R,2,2,P,P,N,N,N,N
MB0244,R,R,R,R,T,T,T,T,N,N,N,N
MB0246,R,R,R,R,T,T,T,T,N,N,N,N
MB0247,R,R,R,R,T,T,T,T,A,A,A,A
MB0248,R,R,R,R,T,T,T,T,A,A,A,A
MB0249,Y,Y,Y,Y,T,T,T,T,A,A,A,A
MB0250,R,R,R,R,P,P,P,P,A,A,A,A
MB0251,NA,NA,NA,NA,P,P,P,P,A,A,A,A
MB0252,Y,Y,Y,Y,T,T,T,T,N,N,N,N
MB0253,Y,Y,Y,Y,P,P,P,P,A,A,A,A
MB0254,W,W,W,W,P,P,P,P,N,N,N,N
MB0255,Y,Y,Y,Y,T,T,T,T,N,N,N,N
MB0256,R,R,R,R,T,T,P,T,A,A,A,A
MB0257,R,R,R,R,T,T,P,T,NA,A,A,NA
MB0258,R,R,R,R,T,T,T,T,N,N,N,N
MB0259,W,W,W,W,P,P,P,P,A,A,A,A
MB0260,W,W,W,W,P,P,P,P,A,A,A,A
MB0261,NA,NA,NA,NA,P,P,P,P,A,A,A,A
MB0262,W,W,W,W,P,P,P,P,A,A,A,A
MB0263,R,R,NA,R,T,T,T,T,N,N,NA,N
MB0265,Y,Y,Y,Y,T,T,T,T,N,N,N,N
MB0266,Y,Y,Y,Y,T,T,T,T,A,A,A,A
MB0267,W,NA,W,NA,P,NA,P,NA,NA,NA,A,NA
MB0269,R,R,R,R,P,2,NA,P,N,N,N,N
MB0270,R,R,R,R,P,P,P,P,A,A,A,A
MB0273,W,W,NA,W,P,P,NA,P,A,A,A,NA
MB0274,Y,Y,Y,Y,T,T,T,T,A,A,A,A
MB0275,Y,Y,Y,Y,T,T,T,T,A,A,A,A
MB0276,R,R,R,R,P,T,P,P,N,N,N,N
MB0277,R,R,R,R,P,P,P,P,N,N,N,N
MB0278,R,R,R,R,P,P,P,P,N,N,N,N
MB0279,W,NA,W,W,P,T,T,T,N,NA,N,N
MB0281,Y,NA,Y,NA,T,NA,T,NA,A,NA,A,NA
MB0282,W,W,W,W,P,P,P,P,A,A,A,A
MB0283,Y,Y,Y,Y,T,T,T,T,A,A,A,A
MB0284,Y,NA,Y,NA,P,NA,P,NA,A,NA,A,NA
MB0285,W,W,W,W,P,NA,P,P,NA,N,N,NA
MB0288,NA,NA,NA,NA,P,P,P,P,NA,A,A,A
MB0289,R,R,NA,R,P,P,P,P,A,A,A,A
MB0290,R,R,NA,R,P,P,P,P,A,A,A,A
MB0291,Y,Y,Y,Y,P,P,P,P,A,A,A,A
MB0293,Y,Y,Y,Y,T,T,T,T,N,N,N,N
MB0294,NA,NA,NA,NA,P,P,P,P,NA,N,N,N
MB0295,R,R,R,R,T,T,T,T,A,A,A,A
MB0296,R,NA,R,NA,T,NA,T,NA,N,NA,N,NA
MB0299,R,R,R,R,P,T,T,T,N,NA,NA,N
MB0300,R,R,R,R,P,P,P,P,N,N,N,N
MB0301,NA,NA,NA,NA,P,P,NA,P,N,N,N,N
MB0302,NA,NA,NA,NA,P,P,NA,P,N,N,N,N
MB0303,R,R,R,R,P,P,P,P,A,A,A,A
MB0304,R,R,R,R,P,P,P,P,A,A,A,A
MB0305,R,R,R,R,P,P,P,P,A,A,A,A
MB0306,R,R,R,R,P,P,P,P,A,A,A,A
MB0307,R,R,R,R,P,P,P,P,A,A,A,A
MB0310,R,R,R,R,P,P,P,P,A,A,A,A
MB0311,Y,Y,Y,Y,P,P,P,P,NA,N,N,NA
MB0312,NA,NA,NA,NA,T,T,P,T,N,N,N,N
MB0313,R,R,R,R,T,T,NA,T,A,A,A,A
MB0314,R,R,R,R,T,T,T,T,N,NA,A,A
MB0317,R,R,R,R,P,P,P,P,N,N,N,N
MB0318,R,R,R,R,P,P,P,P,N,N,N,N
MB0320,R,R,R,R,T,T,T,T,A,A,A,A
MB0321,R,R,R,R,2,2,P,P,N,N,N,N
MB0322,R,R,R,R,P,P,P,P,N,N,N,N
MB0323,R,R,R,R,P,P,P,P,N,N,N,N
MB0324,W,W,W,W,P,P,P,P,A,A,A,A
MB0325,R,R,R,R,P,P,P,P,N,N,N,N
MB0327,Y,Y,Y,Y,P,P,P,P,A,A,A,A
MB0328,W,W,W,W,P,P,P,P,A,A,A,A
MB0329,R,R,R,R,P,P,P,P,A,A,A,A
MB0330,Y,Y,Y,Y,P,P,T,P,N,N,N,N
MB0331,Y,Y,Y,Y,T,T,T,T,N,N,N,N
MB0333,Y,Y,Y,Y,T,T,T,T,N,N,N,N
MB0334,Y,Y,Y,Y,T,T,T,T,A,A,A,A
MB0335,Y,Y,Y,Y,T,T,T,T,A,A,A,A
MB0336,NA,NA,NA,NA,T,T,T,P,A,A,A,A
MB0337,Y,Y,Y,Y,T,T,T,T,A,A,A,A
MB0338,W,W,W,W,P,P,P,P,A,A,A,A
MB0339,Y,Y,Y,Y,2,2,P,P,A,A,A,A
MB0341,R,R,R,R,P,P,P,P,N,N,N,N
MB0342,R,R,R,R,2,P,P,P,N,N,N,N
MB0343,Y,Y,Y,Y,T,T,T,T,N,N,N,N
MB0346,R,R,R,R,P,P,P,P,N,N,N,N
MB0347,R,R,R,R,P,P,P,P,N,N,N,N
MB0348,R,R,R,R,P,P,P,P,N,N,N,N
MB0349,R,R,NA,R,P,P,P,P,NA,NA,N,N
MB0350,R,R,R,R,P,P,P,P,N,N,NA,N
MB0351,R,R,R,R,P,P,P,P,NA,N,N,N
MB0352,Y,Y,Y,Y,2,2,T,P,N,N,N,N
MB0353,Y,Y,Y,Y,P,P,P,P,N,N,N,N
MB0354,Y,Y,Y,Y,P,P,P,P,N,N,N,N
MB0356,R,R,R,R,T,T,T,T,A,A,A,A
MB0358,Y,Y,Y,Y,T,T,T,T,N,N,N,N
MB0359,Y,Y,Y,Y,T,T,T,T,N,N,N,N
MB0360,W,W,W,W,T,T,T,T,N,N,N,N
MB0361,NA,NA,NA,NA,P,P,NA,P,A,A,A,A
MB0362,Y,Y,Y,Y,P,NA,P,P,A,NA,A,A
MB0363,R,R,R,R,P,P,P,P,A,A,A,A
MB0364,Y,Y,Y,Y,P,P,P,P,A,A,A,A
MB0365,Y,Y,Y,Y,P,P,P,P,A,A,A,A
MB0366,Y,Y,Y,Y,P,P,P,P,A,A,A,A
MB0367,R,R,R,R,P,P,P,P,A,A,A,A
MB0368,R,R,R,R,T,T,T,T,A,A,A,A
MB0369,R,R,R,R,2,2,NA,P,A,A,A,A
MB0370,NA,NA,NA,NA,2,P,NA,P,A,A,A,A
MB0371,R,R,R,R,P,P,P,P,A,A,A,A
MB0372,Y,Y,Y,Y,T,P,NA,T,N,N,N,N
MB0374,R,R,R,R,T,T,T,T,N,N,N,N
MB0375,Y,Y,Y,Y,P,P,P,P,N,N,N,N
MB0376,R,R,R,R,2,2,P,P,N,N,N,N
MB0377,Y,Y,Y,Y,T,T,T,T,N,N,N,N
MB0378,R,R,R,R,T,T,T,T,N,N,N,N
MB0379,R,NA,R,NA,P,NA,P,NA,N,NA,N,NA
MB0380,R,R,R,R,P,P,P,P,N,N,N,N
MB0381,R,R,R,R,P,P,P,P,N,N,N,N
MB0382,R,R,R,R,P,P,P,P,N,N,N,N
MB0384,R,R,R,R,T,P,P,T,A,A,A,A
MB0385,Y,Y,Y,Y,P,P,P,P,N,N,N,N
MB0386,R,R,R,R,P,P,P,P,NA,N,N,A
MB0389,R,R,R,R,P,P,P,P,A,A,A,A
MB0391,R,R,R,R,2,2,P,P,A,A,A,A
MB0392,R,R,R,R,P,P,P,P,N,N,N,N
MB0393,R,R,R,R,P,P,P,P,N,N,N,N
MB0394,W,W,W,W,P,P,P,P,N,N,N,N
MB0396,R,R,R,R,P,P,P,P,A,A,A,A
MB0399,R,R,R,R,P,P,P,P,A,A,A,A
MB0400,R,R,R,R,P,P,P,P,A,A,A,A
MB0401,Y,Y,Y,Y,P,P,P,P,N,NA,N,NA
MB0402,Y,Y,Y,Y,P,P,P,P,A,A,A,A
MB0403,R,R,R,R,P,P,P,P,N,N,N,N
MB0404,R,R,R,R,P,P,P,P,N,N,N,N
MB0408,R,R,R,R,P,P,P,P,A,A,A,A
MB0409,R,R,R,R,P,P,P,P,N,N,N,N
MB0410,R,R,R,R,P,P,P,P,N,N,N,N
MB0414,R,R,R,NA,P,P,P,P,N,N,N,N
MB0415,R,R,R,R,P,P,P,P,N,N,N,N
MB0417,R,R,R,R,P,P,P,P,A,A,A,A
MB0418,R,R,NA,NA,P,P,P,P,N,N,N,N
MB0419,Y,Y,Y,Y,P,P,P,P,NA,NA,N,N
MB0420,R,R,R,R,P,P,P,P,N,N,NA,N
MB0421,NA,NA,R,NA,NA,NA,P,NA,NA,NA,N,NA
MB0422,R,R,R,R,P,P,P,P,N,N,N,N
MB0423,R,R,R,W,P,P,P,P,N,N,N,N
MB0426,R,R,R,R,P,P,P,P,A,A,A,A
MB0427,R,R,R,R,P,P,P,P,NA,A,NA,N
MB0428,R,R,R,R,P,P,P,P,N,N,N,N
MB0429,W,W,W,W,P,P,P,P,A,A,A,A
MB0432,R,R,R,R,P,P,P,P,A,A,A,A
MB0433,R,R,R,R,P,P,P,P,N,N,N,N
MB0435,Y,R,R,R,P,P,P,P,N,N,N,N
MB0437,R,R,R,R,P,P,P,P,N,N,N,N
MB0438,R,R,R,R,P,P,NA,P,A,A,A,A
MB0439,R,R,R,R,P,P,P,P,A,A,A,A
MB0443,R,R,R,R,P,P,P,P,N,NA,N,NA
MB0444,R,R,R,R,P,P,P,P,N,N,N,N
MB0446,R,R,R,R,P,P,P,P,A,A,A,A
MB0447,R,R,R,R,P,P,P,P,A,A,A,A
MB0450,R,R,R,R,P,P,P,P,A,A,A,A
MB0451,R,R,R,R,P,P,P,P,A,A,A,A
MB0453,R,R,R,R,P,P,P,P,A,A,A,A
MB0454,R,R,R,R,P,P,P,P,A,A,A,A
MB0455,R,R,R,R,P,P,P,P,A,A,A,NA
MB0456,R,R,R,R,P,P,P,P,NA,N,NA,N
MB0458,NA,NA,W,NA,P,P,P,P,N,N,N,N
MB0459,W,W,W,W,P,P,P,P,N,N,N,N
MB0461,W,W,W,W,P,P,P,P,N,N,N,N
MB0463,Y,Y,Y,Y,P,P,P,P,N,N,NA,NA
MB0466,R,R,R,R,P,P,P,P,A,A,A,A
MB0468,R,R,R,R,P,P,P,P,A,A,A,A
MB0473,R,R,R,R,P,P,P,P,A,A,A,A
MB0474,R,R,R,R,P,P,P,P,A,A,A,A
MB0475,R,R,R,R,P,P,P,P,N,N,NA,N
MB0479,R,R,R,R,NA,P,T,P,NA,A,A,A
MB0480,W,W,W,W,P,P,P,P,N,N,N,N
MB0481,R,R,R,R,P,P,P,P,N,N,N,N
MB0486,Y,Y,Y,Y,P,P,P,P,A,A,A,A
MB0488,Y,Y,Y,Y,P,P,P,P,A,A,A,A
MB0489,R,R,R,R,P,P,P,P,NA,NA,NA,NA
MB0490,R,R,R,R,P,P,P,P,N,N,N,N
MB0491,R,R,R,R,P,P,P,P,A,A,A,A
MB0494,R,R,R,R,P,P,P,P,N,N,N,N
MB0495,R,R,R,R,P,P,P,P,N,N,N,N
MB0498,R,R,R,R,P,P,P,P,N,N,N,N
MB0499,R,R,R,R,P,P,P,P,N,N,N,N
MB0501,R,R,R,R,P,P,P,P,N,N,N,N
MB0502,R,R,R,R,P,P,P,P,N,N,N,N
MB0504,W,W,W,W,P,NA,P,P,A,A,A,A
MB0506,R,R,R,R,P,P,P,P,N,N,N,N
MB0507,R,R,R,R,P,P,P,P,A,A,A,A
MB0508,W,W,W,W,P,P,P,P,N,NA,NA,NA
MB0509,R,R,R,R,P,NA,P,P,A,NA,A,A
MB0511,NA,NA,W,NA,NA,NA,P,NA,NA,NA,A,NA
MB0512,W,W,W,W,P,P,P,P,A,A,A,A
MB0514,R,R,R,R,P,P,P,P,N,NA,N,N
MB0516,W,W,W,W,P,P,P,P,N,N,N,N
MB0517,R,W,W,W,P,P,P,P,N,N,N,N
MB0521,W,W,W,W,NA,P,P,P,NA,NA,NA,NA
MB0522,R,NA,R,NA,P,NA,P,NA,A,NA,A,NA
MB0523,NA,NA,NA,NA,P,P,P,P,A,A,A,A
MB0524,R,R,R,R,P,P,NA,P,A,A,A,A
MB0526,R,R,R,R,P,P,P,P,N,N,N,N
MB0532,R,R,R,R,P,P,P,P,A,A,A,A
MB0538,W,W,W,W,P,P,P,P,A,A,A,A
MB0547,R,R,R,R,P,P,P,P,A,A,A,A
MB0551,W,W,W,W,P,P,P,P,A,A,A,A
MB0552,W,W,W,W,P,P,P,P,N,N,N,N
MB0554,W,W,W,W,P,P,P,P,N,N,N,N
MB0557,R,R,R,R,P,P,P,P,NA,N,NA,N
MB0559,W,W,W,W,P,P,P,P,A,NA,NA,NA
MB0562,Y,Y,Y,Y,P,P,P,P,A,A,A,N
MB0567,R,R,R,R,P,P,P,P,N,N,N,N
MB0568,R,R,R,R,P,P,P,P,N,N,N,N
MB0571,R,R,R,R,P,P,P,P,N,N,N,N
MB0573,R,R,R,R,P,P,P,P,N,N,N,N
MB0574,R,NA,R,NA,P,P,P,P,N,NA,N,N
MB0575,R,R,R,R,P,P,P,P,N,N,N,N
MB0577,R,R,R,R,NA,P,P,P,NA,A,A,A
MB0578,R,R,R,R,P,P,P,P,N,NA,N,NA
MB0579,R,R,R,R,P,P,P,P,N,N,N,N
MB0581,W,W,W,W,P,P,P,P,A,A,A,A
MB0582,R,R,R,R,P,P,P,P,N,N,N,N
MB0583,Y,Y,Y,Y,P,P,P,P,N,N,N,N
MB0584,R,NA,R,R,P,NA,P,P,A,NA,A,A
MB0586,R,R,R,R,P,P,P,P,A,NA,A,A
MB0589,R,NA,R,R,T,NA,T,T,A,NA,A,A
MB0591,NA,R,R,R,NA,P,P,P,NA,A,A,A
MB0592,NA,W,W,W,NA,T,T,T,NA,A,A,A
MB0593,NA,NA,R,R,NA,NA,NA,P,NA,NA,N,N
MB0595,NA,W,W,W,NA,T,T,T,NA,A,A,A
MB0596,NA,W,NA,W,NA,T,T,T,NA,A,A,A
MB0597,NA,Y,Y,Y,NA,T,T,T,NA,N,N,N
MB0598,NA,R,R,R,NA,P,P,P,NA,A,A,A
MB0600,R,R,R,R,P,P,P,P,A,A,A,A
MB0603,NA,NA,NA,NA,NA,NA,P,P,NA,NA,A,A
MB0604,W,W,W,W,T,T,T,T,N,N,N,N
MB0605,Y,Y,Y,Y,P,T,T,T,A,A,A,A
MB0606,R,R,R,R,P,P,P,P,A,A,A,A
MB0608,NA,R,R,R,NA,T,T,T,NA,A,A,A
MB0609,NA,R,R,R,NA,P,P,P,NA,A,A,A
MB0610,R,R,R,R,P,P,P,P,N,N,N,N
MB0611,R,R,R,R,P,P,P,P,N,N,N,N
MB0612,R,R,R,R,2,2,P,P,N,N,N,N
MB0613,W,W,W,W,T,T,T,T,A,A,A,A
MB0614,R,R,R,R,2,P,NA,P,A,A,A,A
MB0617,R,NA,R,NA,P,NA,NA,P,N,NA,N,N
MB0618,NA,R,R,R,T,P,P,P,NA,A,A,A
MB0619,R,R,R,R,P,P,P,NA,A,A,A,A
MB0621,R,R,R,NA,P,P,P,P,A,A,A,A
MB0622,W,W,W,W,P,P,P,P,A,A,A,A
MB0626,NA,W,NA,W,NA,P,P,P,NA,A,A,A
MB0628,R,NA,R,R,P,NA,P,P,A,NA,A,A
MB0630,R,R,R,R,P,P,P,P,A,A,A,A
MB0633,R,R,R,R,P,P,P,P,A,A,A,A
MB0634,NA,R,R,R,NA,P,P,P,NA,A,A,A
MB0635,R,R,R,R,P,NA,P,P,A,A,A,A
MB0636,R,R,R,R,T,T,T,T,N,N,N,N
MB0637,R,R,R,R,T,NA,T,T,N,N,N,N
MB0638,R,R,R,R,2,P,NA,P,A,A,N,A
MB0639,NA,NA,NA,R,NA,NA,P,P,NA,NA,A,A
MB0640,R,R,R,R,P,P,P,P,A,A,A,A
MB0641,NA,R,NA,R,NA,T,T,T,NA,A,NA,A
MB0642,R,R,R,R,T,T,T,T,A,A,A,A
MB0643,R,NA,R,R,T,NA,T,T,A,NA,A,A
MB0644,R,R,R,R,T,T,T,T,A,A,A,A
MB0645,R,R,R,R,P,P,P,P,A,A,A,NA
MB0646,R,R,R,R,P,NA,P,P,A,A,A,A
MB0647,R,R,R,R,T,T,T,T,A,A,A,A
MB0648,R,R,R,R,P,T,T,T,A,A,A,A
MB0649,Y,Y,Y,Y,T,T,T,T,A,A,A,A
MB0650,NA,R,R,R,P,P,P,P,NA,N,A,A
MB0651,R,R,R,R,P,P,P,P,N,N,N,N
MB0652,NA,R,R,R,T,T,T,T,NA,A,A,A
MB0653,NA,R,R,R,NA,T,T,T,NA,A,NA,A
MB0654,R,R,R,R,T,T,T,T,A,A,A,A
MB0655,R,R,R,R,P,P,P,P,NA,N,N,NA
MB0656,R,R,R,R,P,P,P,P,A,A,A,A
MB0657,R,R,R,R,P,P,P,P,N,N,N,N
MB0658,R,R,R,R,P,P,P,P,A,A,NA,A
MB0659,R,R,R,R,P,P,P,P,N,N,N,N
MB0660,R,R,R,R,P,P,P,P,N,N,N,N
MB0661,R,NA,R,R,P,NA,P,P,NA,NA,N,N
MB0662,NA,NA,Y,Y,NA,NA,T,T,NA,NA,N,NA
MB0664,NA,NA,R,R,NA,NA,T,T,NA,NA,A,A
MB0665,W,W,NA,W,T,T,T,T,A,A,A,A
MB0666,Y,Y,Y,Y,T,T,T,T,A,A,A,A
MB0667,W,W,W,W,T,T,T,T,A,A,A,A
MB0668,W,W,W,W,P,P,P,P,A,A,A,A
MB0669,W,W,W,W,P,P,P,P,A,A,A,A
MB0670,R,R,R,R,P,P,P,P,A,A,A,A
MB0671,R,R,R,R,P,P,P,P,A,A,A,A
MB0672,R,R,R,R,P,P,P,P,A,A,A,A
MB0673,NA,R,R,R,NA,P,P,P,NA,A,A,A
MB0674,NA,W,W,W,NA,T,P,P,NA,A,A,A
MB0675,R,R,NA,R,P,P,P,P,A,A,A,A
MB0676,W,W,W,W,T,P,P,P,A,A,A,A
MB0677,NA,NA,NA,NA,P,NA,P,P,A,NA,A,A
MB0678,NA,NA,NA,NA,2,2,NA,P,A,A,A,A
MB0680,NA,NA,NA,NA,P,P,P,P,A,A,A,A
MB0681,W,W,W,W,P,P,P,P,A,A,A,A
MB0682,R,R,R,R,P,2,P,P,A,A,A,A
MB0683,R,R,R,R,T,T,T,T,A,A,A,A
MB0685,NA,W,W,W,NA,P,P,P,NA,A,A,A
MB0686,Y,Y,Y,Y,P,P,P,P,A,A,A,A
MB0687,NA,R,R,NA,NA,P,P,P,NA,N,N,N
MB0689,R,R,R,R,P,P,P,P,A,A,A,A
MB0690,R,R,R,R,P,P,P,P,A,A,A,A
MB0691,R,R,R,R,P,P,P,P,A,A,A,A
MB0692,R,R,NA,NA,P,P,P,P,A,A,A,A
MB0693,NA,NA,NA,NA,P,P,P,P,N,N,N,N
MB0696,R,R,R,R,T,T,T,T,A,A,A,A
MB0697,R,NA,R,NA,T,NA,P,NA,N,NA,N,NA
MB0698,R,R,R,R,P,P,P,P,A,A,A,A
MB0699,R,R,R,R,P,P,P,P,N,N,N,N
MB0700,R,R,R,R,2,2,NA,P,A,A,A,A
MB0701,R,R,R,NA,T,T,T,T,A,A,A,A
MB0702,R,R,R,R,P,P,P,P,A,A,A,A
MB0703,R,R,R,R,P,P,P,P,A,A,A,A
MB0705,R,R,R,R,P,P,P,P,A,A,A,A
MB0706,R,R,R,R,P,P,P,P,A,A,A,A
MB0707,R,R,R,R,P,P,P,P,A,A,A,A
MB0708,Y,Y,Y,Y,T,T,T,T,A,A,A,A
MB0709,Y,Y,Y,Y,T,T,T,T,A,A,A,A
MB0710,R,R,R,R,T,T,P,T,A,A,A,A
MB0712,R,R,R,R,T,T,T,T,A,A,A,A
MB0713,R,R,R,R,P,P,NA,P,N,N,N,N
MB0714,R,R,R,R,P,P,P,P,N,N,N,N
MB0717,Y,Y,Y,Y,T,T,T,T,A,A,A,A
MB0718,R,R,NA,R,P,P,P,P,A,A,A,A
MB0719,R,R,R,R,2,2,P,P,A,A,A,A
MB0720,W,W,W,W,P,P,P,P,A,A,A,A
MB0721,R,R,R,R,2,2,P,NA,A,A,A,A
MB0722,R,R,R,R,2,P,P,P,A,A,A,A
MB0723,R,R,R,R,P,P,T,T,N,N,N,N
MB0724,R,R,R,R,P,P,P,P,A,N,N,A
MB0725,NA,NA,NA,NA,P,P,NA,P,A,A,A,A
MB0726,R,R,R,R,T,T,T,T,A,A,A,A
MB0727,R,NA,R,R,P,NA,P,P,A,NA,A,A
MB0728,R,R,NA,R,P,P,P,P,A,A,A,A
MB0729,NA,NA,R,NA,NA,NA,P,NA,NA,NA,N,NA
MB0732,R,R,R,R,2,P,P,P,A,A,A,A
MB0733,R,NA,R,R,P,P,P,P,A,NA,A,A
MB0734,R,R,R,R,T,T,T,T,A,A,A,A
MB0738,R,NA,R,R,P,T,P,P,A,NA,A,A
MB0740,R,R,R,R,P,P,NA,P,A,A,A,A
MB0742,R,R,R,R,P,P,P,P,N,N,N,N
MB0743,NA,NA,NA,NA,P,P,P,P,N,N,N,N
MB0744,R,R,R,R,T,T,T,T,A,A,A,A
MB0745,R,R,R,R,T,T,T,T,A,A,N,A
MB0746,R,R,R,R,T,T,T,T,A,A,A,A
MB0749,R,R,NA,R,P,P,P,P,A,A,A,A
MB0756,W,NA,W,NA,P,NA,P,NA,A,NA,A,NA
MB0757,W,W,W,W,P,P,P,P,A,A,A,A
MB0760,R,R,R,R,P,P,P,P,A,A,A,A
MB0761,R,R,R,R,P,P,P,P,A,A,A,A
MB0762,NA,NA,NA,NA,P,P,P,P,A,A,A,A
MB0770,R,R,R,NA,P,P,P,P,N,N,N,N
MB0771,R,R,R,R,P,P,P,P,A,A,A,A
MB0775,R,NA,R,NA,P,NA,P,NA,A,NA,A,NA
MB0779,NA,NA,R,NA,NA,NA,P,NA,NA,NA,A,NA
MB0781,NA,NA,R,NA,NA,NA,P,NA,NA,NA,A,NA
MB0782,R,R,R,R,P,P,P,P,A,A,A,A
MB0783,NA,NA,NA,NA,P,P,P,P,A,A,A,A
MB0785,W,W,W,W,P,P,P,P,A,A,A,A
MB0786,R,NA,R,R,P,P,P,P,A,NA,A,A
MB0787,W,W,W,W,P,P,P,P,A,A,A,A
MB0788,W,W,W,W,P,P,P,P,A,A,A,A
MB0792,R,R,R,R,P,P,P,P,A,A,A,A
MB0793,R,R,R,R,P,P,P,P,A,A,A,A
MB0794,R,R,R,R,P,P,P,P,A,A,A,A
MB0795,R,NA,R,NA,P,NA,P,NA,A,NA,A,NA
MB0797,R,R,R,R,P,P,P,P,A,A,A,A
MB0798,R,R,R,R,P,P,P,P,A,A,A,A
MB0799,R,R,R,R,P,P,P,P,A,A,A,A
MB0800,R,R,R,R,P,P,P,P,A,A,A,A
MB0801,R,R,R,R,P,P,P,P,A,A,A,A
MB0803,R,R,R,R,P,P,P,P,A,A,A,A
MB0804,R,R,R,R,P,P,P,P,A,A,A,A
MB0805,NA,NA,NA,NA,P,NA,P,NA,A,NA,A,NA
MB0806,R,R,R,R,P,P,P,P,A,A,A,A
MB0807,R,R,R,R,P,P,P,P,A,A,A,A
MB0809,R,R,R,R,P,P,P,P,A,A,A,A
MB0810,W,W,W,W,P,P,P,P,A,A,A,A
MB0811,R,R,NA,R,P,P,P,P,A,A,A,A
MB0813,W,W,W,W,P,P,P,P,A,A,A,A
MB0814,R,R,R,R,P,P,P,P,A,A,A,A
MB0815,R,NA,R,NA,P,NA,P,P,A,NA,A,A
MB0816,R,R,R,R,P,P,P,P,A,A,A,A
MB0817,R,R,R,R,P,P,P,P,A,A,A,A
MB0818,NA,NA,NA,NA,P,NA,P,NA,A,NA,NA,NA
MB0819,R,NA,R,NA,P,NA,P,NA,N,NA,N,NA
MB0820,R,R,R,R,P,P,P,P,A,A,NA,A
MB0821,W,W,W,W,P,P,P,P,A,A,A,A
MB0822,W,W,W,W,P,P,P,P,A,A,A,A
MB0825,R,R,R,R,P,P,P,P,N,N,N,N
MB0826,R,R,R,R,P,P,P,P,A,A,A,A
MB0827,R,R,R,R,P,P,P,P,A,A,A,A
MB0830,W,NA,W,NA,P,NA,P,NA,A,NA,A,NA
MB0831,R,R,R,R,P,P,T,P,A,A,A,A
MB0832,R,R,R,R,P,P,P,P,A,A,A,A
MB0833,R,R,R,R,P,P,P,P,A,A,A,A
MB0834,W,W,W,W,P,P,P,P,A,A,A,A
MB0836,W,W,W,W,P,P,P,P,A,A,A,A
MB0837,W,W,W,W,P,P,P,P,A,A,A,A
MB0838,NA,R,NA,R,P,P,P,P,NA,A,A,A
MB0839,R,R,R,R,P,P,P,P,A,A,A,A
MB0847,W,W,W,W,P,P,P,P,A,A,A,A
MB0848,W,W,W,W,P,P,P,P,A,A,A,A
MB0849,W,W,W,W,P,P,P,P,A,A,A,A
MB0851,R,R,R,R,P,P,P,P,A,A,A,A
MB0853,W,W,W,W,P,P,P,P,A,A,A,A
MB0854,W,NA,W,W,P,NA,P,P,A,NA,A,A
MB0859,W,W,W,W,P,P,P,P,A,A,A,A
MB0861,W,W,W,W,P,P,P,P,A,A,A,A
MB0862,NA,R,R,R,P,P,P,P,NA,NA,A,A
MB0867,W,W,W,W,P,P,P,P,N,N,N,N
MB0870,R,R,R,R,P,P,P,P,A,A,A,A
MB0871,R,R,R,R,P,P,P,P,A,A,A,A
MB0872,R,R,R,R,P,P,P,P,A,A,A,A
MB0875,W,NA,W,W,P,NA,T,P,A,NA,A,A
MB0885,W,W,W,W,P,P,P,P,A,A,A,A
MB0887,W,W,W,W,P,P,P,P,A,A,A,NA
MB0888,W,W,W,W,P,P,P,P,A,A,A,A
MB0889,R,R,R,R,P,P,P,P,A,A,A,A
MB0891,R,R,R,R,P,P,P,P,A,A,A,A
MB0893,W,W,W,W,P,P,P,P,A,A,A,A
MB0896,W,W,W,W,P,P,P,P,N,N,N,N
MB0897,W,W,W,W,P,P,P,P,A,A,A,A
MB0899,R,R,R,R,P,P,P,P,A,A,A,A
MB0900,R,R,R,R,P,P,P,P,A,A,A,A
MB0901,W,W,W,W,P,P,P,P,A,A,A,A
MB0902,W,W,W,W,P,P,P,P,A,A,A,A
MB0903,R,R,R,R,P,P,P,P,A,A,A,A
MB0904,R,R,R,R,P,P,P,P,A,A,A,A
MB0905,R,NA,R,R,P,NA,P,P,A,NA,A,A
MB0906,W,NA,W,W,NA,NA,P,P,A,NA,A,A
MB0907,R,R,R,R,P,P,P,P,A,A,A,A
MB0908,R,R,R,R,P,P,P,P,A,A,A,A
MB0909,R,R,R,R,P,P,P,P,A,A,A,A
MB0911,R,R,R,R,P,P,P,P,A,A,A,A
MB0912,R,R,R,R,P,P,P,P,A,A,A,A
MB0913,R,R,R,R,P,P,P,P,A,A,A,A
MB0914,R,NA,R,R,P,NA,P,P,A,NA,A,A
MB0916,W,W,W,W,P,P,P,P,N,N,N,N
MB0917,W,W,W,W,P,P,P,P,N,N,N,N
MB0918,W,W,W,W,NA,P,P,P,N,N,N,N
MB0920,W,W,W,W,P,P,P,P,A,A,A,A
MB0921,R,R,R,R,P,P,P,P,A,A,A,A
MB0922,W,W,W,W,P,P,P,P,A,A,A,A
MB0923,W,W,W,W,P,P,P,P,A,A,A,A
MB0926,R,R,R,R,P,P,P,P,A,A,A,A
MB0928,R,R,R,R,P,P,P,P,A,A,A,A
MB0929,R,R,R,R,P,P,P,P,A,A,A,A
MB0930,R,R,R,R,P,P,P,P,A,A,A,A
MB0931,R,R,R,R,P,P,P,P,A,A,A,A
MB0933,W,W,W,W,P,P,P,P,A,A,A,A
MB0934,NA,W,W,W,P,P,P,P,NA,A,A,A
MB0935,W,W,W,W,P,P,P,P,A,A,A,A
MB0936,W,W,W,W,P,P,P,P,A,A,A,A
MB0937,W,W,W,W,P,P,P,P,A,A,A,A
MB0940,R,R,R,R,P,P,P,P,A,A,A,A
MB0941,R,R,R,R,T,T,T,T,A,A,A,A
MB0942,W,NA,W,NA,P,NA,P,NA,A,NA,A,NA
MB0943,W,W,W,W,P,P,P,P,A,A,A,A
MB0944,W,W,W,W,P,P,P,P,A,A,A,A
MB0945,W,NA,W,NA,P,NA,P,NA,A,NA,A,NA
MB0946,R,R,R,R,P,P,P,P,A,A,A,A
MB0947,NA,NA,W,W,NA,NA,P,P,NA,NA,A,A
MB0948,W,NA,W,NA,P,NA,P,NA,A,NA,A,NA
MB0949,W,W,W,W,P,P,P,P,A,A,A,A
MB0950,NA,NA,W,NA,NA,NA,P,NA,NA,NA,A,NA
MB0951,W,W,W,W,P,P,P,P,A,A,A,A
MB0955,R,R,R,R,P,P,P,P,A,A,A,A
MB0956,R,R,R,R,P,P,P,P,A,A,A,A
MB0957,R,R,R,R,P,P,P,P,A,A,A,A
MB0959,R,R,R,R,P,P,P,P,A,A,A,A
MB0960,R,R,R,R,P,P,P,P,A,A,A,A
MB0962,W,W,W,W,P,P,P,P,A,A,A,A
MB0963,W,W,W,W,P,P,P,P,A,A,A,A
MB0964,R,R,R,R,P,P,P,P,A,A,A,A
MB0965,W,W,W,W,P,NA,P,P,A,A,A,A
MB0966,W,W,W,W,P,P,P,P,A,A,A,A
MB0967,W,W,W,W,P,P,P,P,A,A,A,A
MB0968,R,R,R,R,P,P,P,P,A,A,A,A
MB0969,R,R,R,R,P,P,P,P,A,A,A,A
MB0970,R,R,R,R,P,P,P,P,A,A,A,A
MB0971,R,R,R,R,P,P,P,P,A,A,A,A
MB0973,W,W,W,W,P,P,P,P,A,A,A,A
MB0974,R,R,R,R,P,P,P,P,A,A,A,A
MB0977,NA,R,R,NA,P,P,P,P,NA,A,A,A
MB0978,W,W,W,W,P,P,P,P,A,NA,A,A
MB0979,R,R,R,R,P,P,P,P,A,A,A,A
MB0980,R,R,R,R,P,P,P,P,A,A,A,A
MB0982,R,R,R,R,P,P,P,P,A,A,A,A
MB0983,W,W,W,W,P,P,P,P,A,A,A,A
MB0984,R,R,R,R,P,P,P,P,A,A,A,A
MB0986,W,W,W,W,P,P,P,P,A,A,A,A
MB0987,W,W,W,W,P,P,P,P,A,A,A,A
MB0992,R,R,R,R,P,P,P,P,A,A,A,A
MB0993,R,R,R,R,P,NA,P,P,A,A,A,A
MB0994,R,R,R,R,P,P,P,P,A,A,A,A
MB0995,R,R,R,R,P,P,P,P,A,A,A,A
MB0996,R,R,R,R,P,P,P,P,A,A,A,A
MB0997,NA,NA,R,R,NA,NA,P,P,NA,NA,A,A
MB1000,R,R,R,R,P,P,P,P,A,A,A,A
MB1001,R,R,R,R,P,P,P,P,A,A,A,A
MB1002,W,W,W,W,P,P,P,P,A,A,A,A
MB1003,W,W,W,W,P,P,P,P,A,A,A,A
MB1004,R,R,R,R,P,P,P,P,A,A,A,A
MB1005,R,R,R,R,P,P,P,P,A,A,A,A
MB1006,W,W,W,W,P,P,P,P,A,A,A,A
MB1007,NA,W,W,W,NA,P,P,P,NA,A,A,A
MB1008,W,W,W,W,P,P,P,NA,A,A,A,A
MB1009,NA,W,W,W,NA,P,P,P,NA,A,A,A
SC0605,R,R,R,R,P,P,P,P,A,A,A,A
SC0630,R,R,R,R,P,P,P,P,N,N,N,N
BTx642,Y,Y,Y,Y,P,P,P,P,A,A,A,A
BTxARG-1,W,W,W,W,T,T,T,T,N,N,N,N
